{"cameraMode":{"drawMode":0,"name":"Shaded","section":"Shading Mode"},"sceneLighting":true,"audioPlay":false,"sceneViewState":{"m_AlwaysRefresh":false,"showFog":true,"showSkybox":true,"showFlares":true,"showImageEffects":true,"showParticleSystems":true,"showVisualEffectGraphs":true,"m_FxEnabled":true},"in2DMode":false,"pivot":{"x":7.212903022766113,"y":2.7247371673583986,"z":-18.506391525268556},"rotation":{"x":-0.002042919397354126,"y":-0.9876598119735718,"z":-0.013031061738729477,"w":0.1562691032886505},"size":3.571554660797119,"orthographic":false}