{"cameraMode":{"drawMode":0,"name":"Shaded","section":"Shading Mode"},"sceneLighting":true,"audioPlay":false,"sceneViewState":{"showFog":true,"showMaterialUpdate":false,"showSkybox":true,"showFlares":true,"showImageEffects":true,"showParticleSystems":true,"showVisualEffectGraphs":true,"m_FxEnabled":true},"in2DMode":false,"pivot":{"x":-0.7000985145568848,"y":3.0021307468414308,"z":-17.87521743774414},"rotation":{"x":0.0008599148131906986,"y":-0.9958528280258179,"z":0.009270274080336094,"w":0.09079332649707794},"size":3.859375476837158,"orthographic":false}