{"cameraMode":{"drawMode":0,"name":"Shaded","section":"Shading Mode"},"sceneLighting":true,"audioPlay":false,"sceneViewState":{"showFog":true,"showMaterialUpdate":false,"showSkybox":true,"showFlares":true,"showImageEffects":true,"showParticleSystems":true,"showVisualEffectGraphs":true,"m_FxEnabled":true},"in2DMode":false,"pivot":{"x":-0.008238047361373902,"y":1.3965344429016114,"z":-0.05170619487762451},"rotation":{"x":-0.07069176435470581,"y":0.3417345881462097,"z":-0.02576579339802265,"w":-0.9368112087249756},"size":1.082214593887329,"orthographic":false}