{"cameraMode":{"drawMode":0,"name":"Shaded","section":"Shading Mode"},"sceneLighting":true,"audioPlay":false,"sceneViewState":{"showFog":true,"showMaterialUpdate":false,"showSkybox":true,"showFlares":true,"showImageEffects":true,"showParticleSystems":true,"showVisualEffectGraphs":true,"m_FxEnabled":true},"in2DMode":false,"pivot":{"x":0.25021159648895266,"y":1.106527328491211,"z":-17.408132553100587},"rotation":{"x":0.0014330883277580143,"y":0.9985670447349548,"z":0.03865504637360573,"w":-0.03747756779193878},"size":4.199312686920166,"orthographic":false}